[
  {
    "model": "facility.ambulancedriver",
    "pk": 1,
    "fields": {
      "external_id": "023d7397-0e5e-4dc6-a3e2-f74769567fae",
      "created_date": "2022-07-19T10:43:40.539Z",
      "modified_date": "2022-07-19T10:43:40.539Z",
      "deleted": false,
      "ambulance": 1,
      "name": "Ramkrishna Pranay",
      "phone_number": "8676655478",
      "is_smart_phone": true
    }
  },
  {
    "model": "facility.ambulancedriver",
    "pk": 2,
    "fields": {
      "external_id": "fad4e9d1-8604-4643-a86f-6602cab28ff4",
      "created_date": "2022-07-19T10:43:40.541Z",
      "modified_date": "2022-07-19T10:43:40.541Z",
      "deleted": false,
      "ambulance": 1,
      "name": "Swarna Krishna",
      "phone_number": "8874645676",
      "is_smart_phone": true
    }
  },
  {
    "model": "facility.ambulancedriver",
    "pk": 3,
    "fields": {
      "external_id": "dd5e9cd9-6012-45ad-bafb-5d310d7d8a58",
      "created_date": "2022-07-19T10:43:40.543Z",
      "modified_date": "2022-07-19T10:43:40.543Z",
      "deleted": false,
      "ambulance": 1,
      "name": "Mitra Jayesh",
      "phone_number": "9746565776",
      "is_smart_phone": true
    }
  },
  {
    "model": "facility.hospitaldoctors",
    "pk": 1,
    "fields": {
      "external_id": "29dc1c9b-5b9f-4f13-a356-b9d01a5f913e",
      "created_date": "2022-07-19T10:12:56.031Z",
      "modified_date": "2022-07-19T10:12:56.031Z",
      "deleted": false,
      "facility": 1,
      "area": 1,
      "count": 1000
    }
  },
  {
    "model": "facility.hospitaldoctors",
    "pk": 2,
    "fields": {
      "external_id": "9dada97c-8215-4a6c-b240-20c0fa1032ee",
      "created_date": "2022-07-19T11:11:58.045Z",
      "modified_date": "2022-07-19T11:11:58.045Z",
      "deleted": false,
      "facility": 2,
      "area": 1,
      "count": 50
    }
  },
  {
    "model": "facility.hospitaldoctors",
    "pk": 3,
    "fields": {
      "external_id": "658155cf-909e-432b-a82b-75d2ca29449b",
      "created_date": "2022-07-19T11:12:06.423Z",
      "modified_date": "2022-07-19T11:12:06.423Z",
      "deleted": false,
      "facility": 2,
      "area": 2,
      "count": 30
    }
  },
  {
    "model": "facility.hospitaldoctors",
    "pk": 4,
    "fields": {
      "external_id": "a562eff8-cfee-48b3-a0b8-768eb5abe16c",
      "created_date": "2022-07-19T11:12:14.182Z",
      "modified_date": "2022-07-19T11:12:14.182Z",
      "deleted": false,
      "facility": 2,
      "area": 4,
      "count": 10
    }
  },
  {
    "model": "facility.hospitaldoctors",
    "pk": 5,
    "fields": {
      "external_id": "b03393a9-4a57-4fc6-b1f8-108665a50863",
      "created_date": "2022-07-19T11:12:21.604Z",
      "modified_date": "2022-07-19T11:12:21.604Z",
      "deleted": false,
      "facility": 2,
      "area": 5,
      "count": 2
    }
  },
  {
    "model": "facility.facilitycapacity",
    "pk": 1,
    "fields": {
      "external_id": "3cfa7daa-0b28-4d60-9e53-cbf0f3c74e3b",
      "created_date": "2022-07-19T11:11:18.372Z",
      "modified_date": "2022-07-19T11:11:18.372Z",
      "deleted": false,
      "facility": 2,
      "room_type": 20,
      "total_capacity": 999,
      "current_capacity": 99
    }
  },
  {
    "model": "facility.facilitycapacity",
    "pk": 2,
    "fields": {
      "external_id": "625c8d9d-9383-429f-8516-a626c1fbedb9",
      "created_date": "2022-07-19T11:11:33.202Z",
      "modified_date": "2022-07-19T11:11:33.202Z",
      "deleted": false,
      "facility": 2,
      "room_type": 3,
      "total_capacity": 600,
      "current_capacity": 8
    }
  },
  {
    "model": "facility.facilitycapacity",
    "pk": 3,
    "fields": {
      "external_id": "fba59e9d-bd9c-408c-8213-dca46bc289af",
      "created_date": "2022-07-19T11:11:46.651Z",
      "modified_date": "2022-07-19T11:11:46.651Z",
      "deleted": false,
      "facility": 2,
      "room_type": 1,
      "total_capacity": 499,
      "current_capacity": 9
    }
  },
  {
    "model": "facility.patientsearch",
    "pk": 1,
    "fields": {
      "external_id": "8c7a9419-bb6a-4ba4-b9a8-1b6c2932a67e",
      "created_date": "2022-07-19T10:22:48.737Z",
      "modified_date": "2022-07-19T10:22:48.737Z",
      "deleted": false,
      "patient_id": 1,
      "name": "Kartikey Ashok",
      "gender": 1,
      "phone_number": "+919988998899",
      "date_of_birth": "2010-09-16",
      "year_of_birth": 2010,
      "state_id": 1,
      "facility": 1,
      "patient_external_id": "a730ea46-b756-4219-896d-98ff42197157",
      "allow_transfer": true,
      "is_active": true
    }
  },
  {
    "model": "facility.patientsearch",
    "pk": 2,
    "fields": {
      "external_id": "cdb6e105-cf40-4383-8745-e9bfd74d012e",
      "created_date": "2022-07-19T10:27:22.114Z",
      "modified_date": "2022-07-19T10:27:22.114Z",
      "deleted": false,
      "patient_id": 2,
      "name": "Jayadev Mohinder",
      "gender": 1,
      "phone_number": "+916554647565",
      "date_of_birth": "1953-04-16",
      "year_of_birth": 1953,
      "state_id": 1,
      "facility": 1,
      "patient_external_id": "c58e8464-69a0-4e20-85fc-4fb789e829e5",
      "allow_transfer": false,
      "is_active": true
    }
  },
  {
    "model": "facility.disease",
    "pk": 1,
    "fields": { "patient": 1, "disease": 1, "details": "", "deleted": true }
  },
  {
    "model": "facility.disease",
    "pk": 2,
    "fields": { "patient": 2, "disease": 1, "details": "", "deleted": false }
  },
  {
    "model": "facility.facilitypatientstatshistory",
    "pk": 1,
    "fields": {
      "external_id": "52dfdd94-a274-4eff-8832-317ca571c0d6",
      "created_date": "2022-07-19T11:12:50.043Z",
      "modified_date": "2022-07-19T11:12:50.043Z",
      "deleted": false,
      "facility": 2,
      "entry_date": "2022-07-10",
      "num_patients_visited": 600,
      "num_patients_home_quarantine": 20,
      "num_patients_isolation": 0,
      "num_patient_referred": 10,
      "num_patient_confirmed_positive": 0
    }
  },
  {
    "model": "facility.assetlocation",
    "pk": 1,
    "fields": {
      "external_id": "a871b60f-34bc-4acc-b7ba-a14ee2805e11",
      "created_date": "2022-07-19T10:36:19.397Z",
      "modified_date": "2022-07-19T10:36:19.397Z",
      "deleted": false,
      "name": "St George Hospital",
      "description": "",
      "location_type": 10,
      "facility": 1
    }
  },
  {
    "model": "facility.asset",
    "pk": 1,
    "fields": {
      "external_id": "f925d335-18e8-4dc4-8a02-54b76b8eb881",
      "created_date": "2022-07-19T10:37:06.461Z",
      "modified_date": "2022-07-19T10:37:06.461Z",
      "deleted": false,
      "name": "camera for testing",
      "description": "",
      "asset_type": 50,
      "asset_class": null,
      "status": 50,
      "current_location": 1,
      "is_working": null,
      "not_working_reason": null,
      "serial_number": null,
      "warranty_details": "",
      "meta": {},
      "vendor_name": null,
      "support_name": null,
      "support_phone": "9988778877",
      "support_email": null,
      "qr_code_id": null
    }
  },
  {
    "model": "facility.asset",
    "pk": 2,
    "fields": {
      "external_id": "a5e230c9-6869-4d97-ab34-fc5689a6b055",
      "created_date": "2022-07-19T10:38:07.319Z",
      "modified_date": "2022-07-19T11:05:28.951Z",
      "deleted": false,
      "name": "monitor",
      "description": "",
      "asset_type": 100,
      "asset_class": "",
      "status": 50,
      "current_location": 1,
      "is_working": true,
      "not_working_reason": "",
      "serial_number": null,
      "warranty_details": "",
      "meta": {},
      "vendor_name": null,
      "support_name": null,
      "support_phone": "+919585894489",
      "support_email": null,
      "qr_code_id": null
    }
  },
  {
    "model": "facility.bed",
    "pk": 1,
    "fields": {
      "external_id": "ef8c81f2-1884-438e-9c08-c15c825e40dc",
      "created_date": "2022-07-19T10:38:51.621Z",
      "modified_date": "2022-07-19T10:38:51.621Z",
      "deleted": false,
      "name": "Test Bed",
      "description": "",
      "bed_type": 7,
      "facility": 1,
      "meta": {},
      "location": 1
    }
  },
  {
    "model": "facility.assetbed",
    "pk": 1,
    "fields": {
      "external_id": "97c2cba0-2d9f-4df6-bd9c-d15bdfc2284d",
      "created_date": "2022-07-19T10:38:56.388Z",
      "modified_date": "2022-07-19T10:38:56.388Z",
      "deleted": false,
      "asset": 2,
      "bed": 1,
      "meta": {}
    }
  },
  {
    "model": "facility.facilityrelatedsummary",
    "pk": "2f60cbb6-6aae-42e1-b336-71dc4c564770",
    "fields": {
      "created_date": "2022-07-19T11:29:00.065Z",
      "modified_date": "2022-07-19T11:29:00.065Z",
      "facility": 1,
      "s_type": "TriageSummary",
      "data": {
        "district": "Ernakulam",
        "facility_name": "St George Hospital V1",
        "avg_patients_visited": 0,
        "avg_patients_referred": 0,
        "avg_patients_isolation": 0,
        "total_patients_visited": null,
        "total_patients_referred": null,
        "total_patients_isolation": null,
        "avg_patients_home_quarantine": 0,
        "total_patients_home_quarantine": null,
        "avg_patients_confirmed_positive": 0,
        "total_patients_confirmed_positive": 0
      }
    }
  },
  {
    "model": "facility.facilityrelatedsummary",
    "pk": "f11c354e-e273-4d18-9c5b-8168314f5c13",
    "fields": {
      "created_date": "2022-07-19T11:29:00.075Z",
      "modified_date": "2022-07-19T11:29:00.075Z",
      "facility": 2,
      "s_type": "TriageSummary",
      "data": {
        "district": "Ernakulam",
        "facility_name": "Brad Stalder Hospital",
        "avg_patients_visited": 0,
        "avg_patients_referred": 10,
        "avg_patients_isolation": 600,
        "total_patients_visited": 0,
        "total_patients_referred": 10,
        "total_patients_isolation": 600,
        "avg_patients_home_quarantine": 20,
        "total_patients_home_quarantine": 20,
        "avg_patients_confirmed_positive": 0,
        "total_patients_confirmed_positive": 0
      }
    }
  },
  {
    "model": "facility.patientinvestigationgroup",
    "pk": 1,
    "fields": {
      "external_id": "7c88af03-56d2-4d99-b655-9e634e038b7f",
      "created_date": "2022-07-19T10:51:01.611Z",
      "modified_date": "2022-07-19T10:54:27.746Z",
      "deleted": false,
      "name": "Haematology"
    }
  },
  {
    "model": "facility.patientinvestigationgroup",
    "pk": 2,
    "fields": {
      "external_id": "4afe1433-cc07-44f9-abcd-aec30c590dea",
      "created_date": "2022-07-19T10:54:39.985Z",
      "modified_date": "2022-07-19T10:54:39.985Z",
      "deleted": false,
      "name": "corona"
    }
  },
  {
    "model": "facility.patientinvestigation",
    "pk": 1,
    "fields": {
      "external_id": "273ba956-5e4b-4600-8868-f25bdefefaa6",
      "created_date": "2022-07-19T10:52:56.095Z",
      "modified_date": "2022-07-19T10:53:51.374Z",
      "deleted": true,
      "name": "Haematology",
      "unit": "",
      "ideal_value": "",
      "min_value": null,
      "max_value": null,
      "investigation_type": "String",
      "choices": "",
      "groups": [1]
    }
  },
  {
    "model": "facility.patientinvestigation",
    "pk": 2,
    "fields": {
      "external_id": "4af845f4-ba11-46e8-b0cc-459196cd89c5",
      "created_date": "2022-07-19T10:56:11.850Z",
      "modified_date": "2022-07-19T10:56:36.367Z",
      "deleted": false,
      "name": "Haematology",
      "unit": "",
      "ideal_value": "",
      "min_value": null,
      "max_value": null,
      "investigation_type": "Choice",
      "choices": "NEGATIVE,POSITIVE",
      "groups": [2]
    }
  },
  {
    "model": "facility.investigationvalue",
    "pk": 1,
    "fields": {
      "external_id": "afcc93ee-5861-4e50-b802-3a8f1e39b197",
      "created_date": "2022-07-19T10:56:58.267Z",
      "modified_date": "2022-07-19T10:56:58.267Z",
      "deleted": false,
      "investigation": 2,
      "group": null,
      "value": null,
      "notes": "NEGATIVE",
      "consultation": 2,
      "session": 1
    }
  },
  {
    "model": "users.user",
    "pk": 1,
    "fields": {
      "password": "argon2$argon2i$v=19$m=512,t=2,p=2$dWxPTkF0UWpEbllP$tr3o1IiMbXluyFjMs3XXIw",
      "last_login": "2022-07-19T10:29:32.455Z",
      "is_superuser": true,
      "first_name": "",
      "last_name": "",
      "email": "",
      "is_staff": true,
      "is_active": true,
      "date_joined": "2022-07-19T10:06:15.241Z",
      "username": "admin",
      "user_type": 40,
      "created_by": null,
      "ward": null,
      "local_body": null,
      "district": 1,
      "state": 1,
      "phone_number": "+919696969696",
      "alt_phone_number": null,
      "gender": 3,
      "age": 20,
      "home_facility": null,
      "verified": false,
      "deleted": false,
      "pf_endpoint": null,
      "pf_p256dh": null,
      "pf_auth": null,
      "asset": null,
      "groups": [],
      "user_permissions": []
    }
  },
  {
    "model": "users.user",
    "pk": 2,
    "fields": {
      "password": "argon2$argon2i$v=19$m=512,t=2,p=2$MjVBZWhCczZTY3ZD$R1oI2byibpmPDj/DJUN6ng",
      "last_login": "2022-07-19T11:23:15.219Z",
      "is_superuser": false,
      "first_name": "State",
      "last_name": "Admin",
      "email": "stateadmin@coronasafe.in",
      "is_staff": false,
      "is_active": true,
      "date_joined": "2022-07-19T10:18:31.371Z",
      "username": "stateadmin",
      "user_type": 40,
      "created_by": 1,
      "ward": null,
      "local_body": 279,
      "district": 7,
      "state": 1,
      "phone_number": "+919998887776",
      "alt_phone_number": "+919998887776",
      "gender": 1,
      "age": 19,
      "home_facility": null,
      "verified": true,
      "deleted": false,
      "pf_endpoint": null,
      "pf_p256dh": null,
      "pf_auth": null,
      "asset": null,
      "groups": [],
      "user_permissions": []
    }
  },
  {
    "model": "users.user",
    "pk": 3,
    "fields": {
      "password": "argon2$argon2i$v=19$m=512,t=2,p=2$TDQ0OGRFUTdKS1hj$SDSZamUz5uiwUG6RE3YsHQ",
      "last_login": null,
      "is_superuser": false,
      "first_name": "Doctor",
      "last_name": "Doe",
      "email": "",
      "is_staff": false,
      "is_active": true,
      "date_joined": "2022-07-19T10:45:56.375Z",
      "username": "doctor",
      "user_type": 15,
      "created_by": 2,
      "ward": null,
      "local_body": null,
      "district": 7,
      "state": 1,
      "phone_number": "+917766886688",
      "alt_phone_number": "+917766886688",
      "gender": 1,
      "age": 34,
      "home_facility": null,
      "verified": true,
      "deleted": false,
      "pf_endpoint": null,
      "pf_p256dh": null,
      "pf_auth": null,
      "asset": null,
      "groups": [],
      "user_permissions": []
    }
  },
  {
    "model": "facility.ambulance",
    "pk": 1,
    "fields": {
      "external_id": "f3644220-6289-4341-a92b-1736ffaf6571",
      "created_date": "2022-07-19T10:43:40.536Z",
      "modified_date": "2022-07-19T10:43:40.536Z",
      "deleted": false,
      "vehicle_number": "KL03AG2430",
      "owner_name": "Amitabh Nanda",
      "owner_phone_number": "9090909090",
      "owner_is_smart_phone": true,
      "primary_district": 1,
      "secondary_district": null,
      "third_district": null,
      "has_oxygen": false,
      "has_ventilator": false,
      "has_suction_machine": false,
      "has_defibrillator": false,
      "insurance_valid_till_year": 2022,
      "ambulance_type": 2,
      "price_per_km": "10.00",
      "has_free_service": false,
      "created_by": null
    }
  },
  {
    "model": "facility.facility",
    "pk": 1,
    "fields": {
      "external_id": "761d828d-2967-406a-9a43-91edad41a31b",
      "created_date": "2022-07-19T10:12:18.220Z",
      "modified_date": "2022-07-19T10:12:18.220Z",
      "deleted": false,
      "name": "St George Hospital V1",
      "is_active": true,
      "verified": false,
      "facility_type": 2,
      "kasp_empanelled": false,
      "features": "1,2,3,4",
      "longitude": null,
      "latitude": null,
      "pincode": 682311,
      "address": "Angamaly  Block Panchayat, Ernakulam District",
      "ward": 20797,
      "local_body": 1168,
      "district": 7,
      "state": 1,
      "oxygen_capacity": 111,
      "type_b_cylinders": 0,
      "type_c_cylinders": 0,
      "type_d_cylinders": 0,
      "expected_oxygen_requirement": 0,
      "expected_type_b_cylinders": 0,
      "expected_type_c_cylinders": 0,
      "expected_type_d_cylinders": 0,
      "phone_number": "+919745150779",
      "corona_testing": false,
      "created_by": 1,
      "cover_image_url": null,
      "middleware_address": null
    }
  },
  {
    "model": "facility.facility",
    "pk": 2,
    "fields": {
      "external_id": "de2690d3-5d1c-43fa-b585-34cb24307da9",
      "created_date": "2022-07-19T11:11:08.155Z",
      "modified_date": "2022-07-19T11:11:08.155Z",
      "deleted": false,
      "name": "Brad Stalder Hospital",
      "is_active": true,
      "verified": false,
      "facility_type": 9,
      "kasp_empanelled": false,
      "features": "1,2,3,4",
      "longitude": null,
      "latitude": null,
      "pincode": 410506,
      "address": "Haveli",
      "ward": 19560,
      "local_body": 1100,
      "district": 7,
      "state": 1,
      "oxygen_capacity": 0,
      "type_b_cylinders": 0,
      "type_c_cylinders": 0,
      "type_d_cylinders": 0,
      "expected_oxygen_requirement": 0,
      "expected_type_b_cylinders": 0,
      "expected_type_c_cylinders": 0,
      "expected_type_d_cylinders": 0,
      "phone_number": "+919998884446",
      "corona_testing": false,
      "created_by": 2,
      "cover_image_url": null,
      "middleware_address": null
    }
  },
  {
    "model": "facility.historicalfacilitycapacity",
    "pk": 1,
    "fields": {
      "id": 1,
      "external_id": "3cfa7daa-0b28-4d60-9e53-cbf0f3c74e3b",
      "created_date": "2022-07-19T11:11:18.372Z",
      "modified_date": "2022-07-19T11:11:18.372Z",
      "deleted": false,
      "room_type": 20,
      "total_capacity": 999,
      "current_capacity": 99,
      "facility": 2,
      "history_date": "2022-07-19T11:11:18.373Z",
      "history_change_reason": null,
      "history_type": "+",
      "history_user": 2
    }
  },
  {
    "model": "facility.historicalfacilitycapacity",
    "pk": 2,
    "fields": {
      "id": 2,
      "external_id": "625c8d9d-9383-429f-8516-a626c1fbedb9",
      "created_date": "2022-07-19T11:11:33.202Z",
      "modified_date": "2022-07-19T11:11:33.202Z",
      "deleted": false,
      "room_type": 3,
      "total_capacity": 600,
      "current_capacity": 8,
      "facility": 2,
      "history_date": "2022-07-19T11:11:33.202Z",
      "history_change_reason": null,
      "history_type": "+",
      "history_user": 2
    }
  },
  {
    "model": "facility.historicalfacilitycapacity",
    "pk": 3,
    "fields": {
      "id": 3,
      "external_id": "fba59e9d-bd9c-408c-8213-dca46bc289af",
      "created_date": "2022-07-19T11:11:46.651Z",
      "modified_date": "2022-07-19T11:11:46.651Z",
      "deleted": false,
      "room_type": 1,
      "total_capacity": 499,
      "current_capacity": 9,
      "facility": 2,
      "history_date": "2022-07-19T11:11:46.652Z",
      "history_change_reason": null,
      "history_type": "+",
      "history_user": 2
    }
  },
  {
    "model": "facility.facilityuser",
    "pk": 1,
    "fields": { "facility": 1, "user": 1, "created_by": 1 }
  },
  {
    "model": "facility.facilityuser",
    "pk": 2,
    "fields": { "facility": 1, "user": 2, "created_by": 1 }
  },
  {
    "model": "facility.facilityuser",
    "pk": 3,
    "fields": { "facility": 1, "user": 3, "created_by": 2 }
  },
  {
    "model": "facility.facilityuser",
    "pk": 4,
    "fields": { "facility": 2, "user": 2, "created_by": 2 }
  },
  {
    "model": "facility.patientconsultation",
    "pk": 1,
    "fields": {
      "external_id": "816754f7-01e6-402a-af18-95aeb83c6cbe",
      "created_date": "2022-07-19T10:24:42.667Z",
      "modified_date": "2022-07-19T10:24:42.672Z",
      "deleted": false,
      "patient": 1,
      "ip_no": "999",
      "facility": 1,
      "diagnosis": "",
      "symptoms": "2,3,4",
      "other_symptoms": "",
      "symptoms_onset_date": "2022-07-17T10:22:00Z",
      "category": null,
      "examination_details": "",
      "history_of_present_illness": "",
      "prescribed_medication": "",
      "consultation_notes": "Stay safe, stay secure, stay vigilant",
      "course_in_facility": null,
      "discharge_advice": [],
      "prescriptions": {},
      "suggestion": "HI",
      "referred_to": null,
      "admitted": false,
      "admission_date": null,
      "discharge_date": null,
      "discharge_reason": null,
      "discharge_notes": "",
      "bed_number": null,
      "is_kasp": false,
      "kasp_enabled_date": null,
      "is_telemedicine": true,
      "last_updated_by_telemedicine": false,
      "assigned_to": null,
      "verified_by": "",
      "created_by": 2,
      "last_edited_by": 2,
      "last_daily_round": null,
      "current_bed": null,
      "height": 0.0,
      "weight": 0.0,
      "HBA1C": null,
      "operation": null,
      "special_instruction": "",
      "intubation_history": []
    }
  },
  {
    "model": "facility.patientconsultation",
    "pk": 2,
    "fields": {
      "external_id": "23f73304-874d-41a5-9cf9-6c04b1838827",
      "created_date": "2022-07-19T10:28:39.332Z",
      "modified_date": "2022-07-19T10:57:11.814Z",
      "deleted": false,
      "patient": 2,
      "ip_no": "37",
      "facility": 1,
      "diagnosis": "",
      "symptoms": "1",
      "other_symptoms": "",
      "symptoms_onset_date": null,
      "category": null,
      "examination_details": "",
      "history_of_present_illness": "",
      "prescribed_medication": "",
      "consultation_notes": "Paracetamol",
      "course_in_facility": null,
      "discharge_advice": [
        {
          "days": "5",
          "dosage": "od",
          "medicine": "PARACETAMOL PAEDIATRIC SYRUP/SUSPENSION IP ,125mg/5ml"
        }
      ],
      "prescriptions": {},
      "suggestion": "DC",
      "referred_to": null,
      "admitted": false,
      "admission_date": null,
      "discharge_date": null,
      "discharge_reason": null,
      "discharge_notes": "",
      "bed_number": null,
      "is_kasp": false,
      "kasp_enabled_date": null,
      "is_telemedicine": false,
      "last_updated_by_telemedicine": false,
      "assigned_to": null,
      "verified_by": "",
      "created_by": 2,
      "last_edited_by": 2,
      "last_daily_round": 2,
      "current_bed": null,
      "height": 0.0,
      "weight": 0.0,
      "HBA1C": null,
      "operation": null,
      "special_instruction": "",
      "intubation_history": []
    }
  },
  {
    "model": "facility.historicalpatientregistration",
    "pk": 1,
    "fields": {
      "id": 1,
      "external_id": "a730ea46-b756-4219-896d-98ff42197157",
      "created_date": "2022-07-19T10:22:48.727Z",
      "modified_date": "2022-07-19T10:22:48.727Z",
      "deleted": false,
      "source": 10,
      "name": "Kartikey Ashok",
      "age": 11,
      "gender": 1,
      "phone_number": "+919988998899",
      "emergency_phone_number": "+919999888899",
      "address": "Gujarat, India",
      "permanent_address": "Gujarat, India",
      "pincode": 310929,
      "date_of_birth": "2010-09-16",
      "year_of_birth": 2010,
      "nationality": "India",
      "passport_no": "",
      "is_medical_worker": false,
      "blood_group": "B+",
      "contact_with_confirmed_carrier": false,
      "contact_with_suspected_carrier": false,
      "estimated_contact_date": null,
      "past_travel": false,
      "countries_travelled_old": null,
      "countries_travelled": null,
      "date_of_return": null,
      "allergies": "",
      "present_health": "",
      "ongoing_medication": "",
      "has_SARI": false,
      "is_antenatal": false,
      "ward_old": "",
      "is_migrant_worker": false,
      "disease_status": 3,
      "number_of_aged_dependents": 0,
      "number_of_chronic_diseased_dependents": 0,
      "action": 10,
      "review_time": null,
      "is_active": true,
      "date_of_receipt_of_information": "2022-07-19T10:22:48.712Z",
      "test_id": "",
      "date_of_test": null,
      "srf_id": "",
      "test_type": 30,
      "allow_transfer": false,
      "will_donate_blood": null,
      "fit_for_blood_donation": null,
      "village": "",
      "designation_of_health_care_worker": "",
      "instituion_of_health_care_worker": "",
      "transit_details": null,
      "frontline_worker": null,
      "date_of_result": null,
      "number_of_primary_contacts": null,
      "number_of_secondary_contacts": null,
      "is_vaccinated": false,
      "number_of_doses": 0,
      "vaccine_name": null,
      "covin_id": null,
      "last_vaccinated_date": null,
      "cluster_name": null,
      "is_declared_positive": false,
      "date_declared_positive": null,
      "facility": 1,
      "nearest_facility": null,
      "ward": 9880,
      "local_body": 553,
      "district": 7,
      "state": 1,
      "last_edited": null,
      "created_by": 2,
      "last_consultation": null,
      "assigned_to": null,
      "history_date": "2022-07-19T10:22:48.731Z",
      "history_change_reason": null,
      "history_type": "+",
      "history_user": 2
    }
  },
  {
    "model": "facility.historicalpatientregistration",
    "pk": 2,
    "fields": {
      "id": 1,
      "external_id": "a730ea46-b756-4219-896d-98ff42197157",
      "created_date": "2022-07-19T10:22:48.727Z",
      "modified_date": "2022-07-19T10:22:48.744Z",
      "deleted": false,
      "source": 10,
      "name": "Kartikey Ashok",
      "age": 11,
      "gender": 1,
      "phone_number": "+919988998899",
      "emergency_phone_number": "+919999888899",
      "address": "Gujarat, India",
      "permanent_address": "Gujarat, India",
      "pincode": 310929,
      "date_of_birth": "2010-09-16",
      "year_of_birth": 2010,
      "nationality": "India",
      "passport_no": "",
      "is_medical_worker": false,
      "blood_group": "B+",
      "contact_with_confirmed_carrier": false,
      "contact_with_suspected_carrier": false,
      "estimated_contact_date": null,
      "past_travel": false,
      "countries_travelled_old": null,
      "countries_travelled": null,
      "date_of_return": null,
      "allergies": "",
      "present_health": "",
      "ongoing_medication": "",
      "has_SARI": false,
      "is_antenatal": false,
      "ward_old": "",
      "is_migrant_worker": false,
      "disease_status": 3,
      "number_of_aged_dependents": 0,
      "number_of_chronic_diseased_dependents": 0,
      "action": 10,
      "review_time": null,
      "is_active": true,
      "date_of_receipt_of_information": "2022-07-19T10:22:48.712Z",
      "test_id": "",
      "date_of_test": null,
      "srf_id": "",
      "test_type": 30,
      "allow_transfer": false,
      "will_donate_blood": null,
      "fit_for_blood_donation": null,
      "village": "",
      "designation_of_health_care_worker": "",
      "instituion_of_health_care_worker": "",
      "transit_details": null,
      "frontline_worker": null,
      "date_of_result": null,
      "number_of_primary_contacts": null,
      "number_of_secondary_contacts": null,
      "is_vaccinated": false,
      "number_of_doses": 0,
      "vaccine_name": null,
      "covin_id": null,
      "last_vaccinated_date": null,
      "cluster_name": null,
      "is_declared_positive": false,
      "date_declared_positive": null,
      "facility": 1,
      "nearest_facility": null,
      "ward": 9880,
      "local_body": 553,
      "district": 7,
      "state": 1,
      "last_edited": null,
      "created_by": 2,
      "last_consultation": null,
      "assigned_to": null,
      "history_date": "2022-07-19T10:22:48.746Z",
      "history_change_reason": null,
      "history_type": "~",
      "history_user": 2
    }
  },
  {
    "model": "facility.historicalpatientregistration",
    "pk": 3,
    "fields": {
      "id": 1,
      "external_id": "a730ea46-b756-4219-896d-98ff42197157",
      "created_date": "2022-07-19T10:22:48.727Z",
      "modified_date": "2022-07-19T10:22:48.753Z",
      "deleted": false,
      "source": 10,
      "name": "Kartikey Ashok",
      "age": 11,
      "gender": 1,
      "phone_number": "+919988998899",
      "emergency_phone_number": "+919999888899",
      "address": "Gujarat, India",
      "permanent_address": "Gujarat, India",
      "pincode": 310929,
      "date_of_birth": "2010-09-16",
      "year_of_birth": 2010,
      "nationality": "India",
      "passport_no": "",
      "is_medical_worker": false,
      "blood_group": "B+",
      "contact_with_confirmed_carrier": false,
      "contact_with_suspected_carrier": false,
      "estimated_contact_date": null,
      "past_travel": false,
      "countries_travelled_old": null,
      "countries_travelled": null,
      "date_of_return": null,
      "allergies": "",
      "present_health": "",
      "ongoing_medication": "",
      "has_SARI": false,
      "is_antenatal": false,
      "ward_old": "",
      "is_migrant_worker": false,
      "disease_status": 3,
      "number_of_aged_dependents": 0,
      "number_of_chronic_diseased_dependents": 0,
      "action": 10,
      "review_time": null,
      "is_active": true,
      "date_of_receipt_of_information": "2022-07-19T10:22:48.712Z",
      "test_id": "",
      "date_of_test": null,
      "srf_id": "",
      "test_type": 30,
      "allow_transfer": false,
      "will_donate_blood": null,
      "fit_for_blood_donation": null,
      "village": "",
      "designation_of_health_care_worker": "",
      "instituion_of_health_care_worker": "",
      "transit_details": null,
      "frontline_worker": null,
      "date_of_result": null,
      "number_of_primary_contacts": null,
      "number_of_secondary_contacts": null,
      "is_vaccinated": false,
      "number_of_doses": 0,
      "vaccine_name": null,
      "covin_id": null,
      "last_vaccinated_date": null,
      "cluster_name": null,
      "is_declared_positive": false,
      "date_declared_positive": null,
      "facility": 1,
      "nearest_facility": null,
      "ward": 9880,
      "local_body": 553,
      "district": 7,
      "state": 1,
      "last_edited": 2,
      "created_by": 2,
      "last_consultation": null,
      "assigned_to": null,
      "history_date": "2022-07-19T10:22:48.755Z",
      "history_change_reason": null,
      "history_type": "~",
      "history_user": 2
    }
  },
  {
    "model": "facility.historicalpatientregistration",
    "pk": 4,
    "fields": {
      "id": 1,
      "external_id": "a730ea46-b756-4219-896d-98ff42197157",
      "created_date": "2022-07-19T10:22:48.727Z",
      "modified_date": "2022-07-19T10:24:42.678Z",
      "deleted": false,
      "source": 10,
      "name": "Kartikey Ashok",
      "age": 11,
      "gender": 1,
      "phone_number": "+919988998899",
      "emergency_phone_number": "+919999888899",
      "address": "Gujarat, India",
      "permanent_address": "Gujarat, India",
      "pincode": 310929,
      "date_of_birth": "2010-09-16",
      "year_of_birth": 2010,
      "nationality": "India",
      "passport_no": "",
      "is_medical_worker": false,
      "blood_group": "B+",
      "contact_with_confirmed_carrier": false,
      "contact_with_suspected_carrier": false,
      "estimated_contact_date": null,
      "past_travel": false,
      "countries_travelled_old": null,
      "countries_travelled": null,
      "date_of_return": null,
      "allergies": "",
      "present_health": "",
      "ongoing_medication": "",
      "has_SARI": false,
      "is_antenatal": false,
      "ward_old": "",
      "is_migrant_worker": false,
      "disease_status": 3,
      "number_of_aged_dependents": 0,
      "number_of_chronic_diseased_dependents": 0,
      "action": 50,
      "review_time": "2022-07-20T10:24:42.673Z",
      "is_active": true,
      "date_of_receipt_of_information": "2022-07-19T10:22:48.712Z",
      "test_id": "",
      "date_of_test": null,
      "srf_id": "",
      "test_type": 30,
      "allow_transfer": false,
      "will_donate_blood": null,
      "fit_for_blood_donation": null,
      "village": "",
      "designation_of_health_care_worker": "",
      "instituion_of_health_care_worker": "",
      "transit_details": null,
      "frontline_worker": null,
      "date_of_result": null,
      "number_of_primary_contacts": null,
      "number_of_secondary_contacts": null,
      "is_vaccinated": false,
      "number_of_doses": 0,
      "vaccine_name": null,
      "covin_id": null,
      "last_vaccinated_date": null,
      "cluster_name": null,
      "is_declared_positive": false,
      "date_declared_positive": null,
      "facility": 1,
      "nearest_facility": null,
      "ward": 9880,
      "local_body": 553,
      "district": 7,
      "state": 1,
      "last_edited": 2,
      "created_by": 2,
      "last_consultation": 1,
      "assigned_to": null,
      "history_date": "2022-07-19T10:24:42.680Z",
      "history_change_reason": null,
      "history_type": "~",
      "history_user": 2
    }
  },
  {
    "model": "facility.historicalpatientregistration",
    "pk": 5,
    "fields": {
      "id": 2,
      "external_id": "c58e8464-69a0-4e20-85fc-4fb789e829e5",
      "created_date": "2022-07-19T10:27:22.107Z",
      "modified_date": "2022-07-19T10:27:22.107Z",
      "deleted": false,
      "source": 10,
      "name": "Jayadev Mohinder",
      "age": 69,
      "gender": 1,
      "phone_number": "+916554647565",
      "emergency_phone_number": "+917465637576",
      "address": "abc xyz",
      "permanent_address": "abc xyz",
      "pincode": 384782,
      "date_of_birth": "1953-04-16",
      "year_of_birth": 1953,
      "nationality": "India",
      "passport_no": "",
      "is_medical_worker": false,
      "blood_group": "O+",
      "contact_with_confirmed_carrier": false,
      "contact_with_suspected_carrier": false,
      "estimated_contact_date": null,
      "past_travel": false,
      "countries_travelled_old": null,
      "countries_travelled": null,
      "date_of_return": null,
      "allergies": "",
      "present_health": "",
      "ongoing_medication": "",
      "has_SARI": false,
      "is_antenatal": false,
      "ward_old": "",
      "is_migrant_worker": false,
      "disease_status": 3,
      "number_of_aged_dependents": 0,
      "number_of_chronic_diseased_dependents": 0,
      "action": 10,
      "review_time": null,
      "is_active": true,
      "date_of_receipt_of_information": "2022-07-19T10:27:22.103Z",
      "test_id": "",
      "date_of_test": null,
      "srf_id": "",
      "test_type": 10,
      "allow_transfer": false,
      "will_donate_blood": null,
      "fit_for_blood_donation": null,
      "village": "",
      "designation_of_health_care_worker": "",
      "instituion_of_health_care_worker": "",
      "transit_details": null,
      "frontline_worker": null,
      "date_of_result": null,
      "number_of_primary_contacts": null,
      "number_of_secondary_contacts": null,
      "is_vaccinated": false,
      "number_of_doses": 0,
      "vaccine_name": null,
      "covin_id": null,
      "last_vaccinated_date": null,
      "cluster_name": null,
      "is_declared_positive": false,
      "date_declared_positive": null,
      "facility": 1,
      "nearest_facility": null,
      "ward": 19561,
      "local_body": 1100,
      "district": 7,
      "state": 1,
      "last_edited": null,
      "created_by": 2,
      "last_consultation": null,
      "assigned_to": null,
      "history_date": "2022-07-19T10:27:22.109Z",
      "history_change_reason": null,
      "history_type": "+",
      "history_user": 2
    }
  },
  {
    "model": "facility.historicalpatientregistration",
    "pk": 6,
    "fields": {
      "id": 2,
      "external_id": "c58e8464-69a0-4e20-85fc-4fb789e829e5",
      "created_date": "2022-07-19T10:27:22.107Z",
      "modified_date": "2022-07-19T10:27:22.118Z",
      "deleted": false,
      "source": 10,
      "name": "Jayadev Mohinder",
      "age": 69,
      "gender": 1,
      "phone_number": "+916554647565",
      "emergency_phone_number": "+917465637576",
      "address": "abc xyz",
      "permanent_address": "abc xyz",
      "pincode": 384782,
      "date_of_birth": "1953-04-16",
      "year_of_birth": 1953,
      "nationality": "India",
      "passport_no": "",
      "is_medical_worker": false,
      "blood_group": "O+",
      "contact_with_confirmed_carrier": false,
      "contact_with_suspected_carrier": false,
      "estimated_contact_date": null,
      "past_travel": false,
      "countries_travelled_old": null,
      "countries_travelled": null,
      "date_of_return": null,
      "allergies": "",
      "present_health": "",
      "ongoing_medication": "",
      "has_SARI": false,
      "is_antenatal": false,
      "ward_old": "",
      "is_migrant_worker": false,
      "disease_status": 3,
      "number_of_aged_dependents": 0,
      "number_of_chronic_diseased_dependents": 0,
      "action": 10,
      "review_time": null,
      "is_active": true,
      "date_of_receipt_of_information": "2022-07-19T10:27:22.103Z",
      "test_id": "",
      "date_of_test": null,
      "srf_id": "",
      "test_type": 10,
      "allow_transfer": false,
      "will_donate_blood": null,
      "fit_for_blood_donation": null,
      "village": "",
      "designation_of_health_care_worker": "",
      "instituion_of_health_care_worker": "",
      "transit_details": null,
      "frontline_worker": null,
      "date_of_result": null,
      "number_of_primary_contacts": null,
      "number_of_secondary_contacts": null,
      "is_vaccinated": false,
      "number_of_doses": 0,
      "vaccine_name": null,
      "covin_id": null,
      "last_vaccinated_date": null,
      "cluster_name": null,
      "is_declared_positive": false,
      "date_declared_positive": null,
      "facility": 1,
      "nearest_facility": null,
      "ward": 19561,
      "local_body": 1100,
      "district": 7,
      "state": 1,
      "last_edited": null,
      "created_by": 2,
      "last_consultation": null,
      "assigned_to": null,
      "history_date": "2022-07-19T10:27:22.120Z",
      "history_change_reason": null,
      "history_type": "~",
      "history_user": 2
    }
  },
  {
    "model": "facility.historicalpatientregistration",
    "pk": 7,
    "fields": {
      "id": 2,
      "external_id": "c58e8464-69a0-4e20-85fc-4fb789e829e5",
      "created_date": "2022-07-19T10:27:22.107Z",
      "modified_date": "2022-07-19T10:27:22.128Z",
      "deleted": false,
      "source": 10,
      "name": "Jayadev Mohinder",
      "age": 69,
      "gender": 1,
      "phone_number": "+916554647565",
      "emergency_phone_number": "+917465637576",
      "address": "abc xyz",
      "permanent_address": "abc xyz",
      "pincode": 384782,
      "date_of_birth": "1953-04-16",
      "year_of_birth": 1953,
      "nationality": "India",
      "passport_no": "",
      "is_medical_worker": false,
      "blood_group": "O+",
      "contact_with_confirmed_carrier": false,
      "contact_with_suspected_carrier": false,
      "estimated_contact_date": null,
      "past_travel": false,
      "countries_travelled_old": null,
      "countries_travelled": null,
      "date_of_return": null,
      "allergies": "",
      "present_health": "",
      "ongoing_medication": "",
      "has_SARI": false,
      "is_antenatal": false,
      "ward_old": "",
      "is_migrant_worker": false,
      "disease_status": 3,
      "number_of_aged_dependents": 0,
      "number_of_chronic_diseased_dependents": 0,
      "action": 10,
      "review_time": null,
      "is_active": true,
      "date_of_receipt_of_information": "2022-07-19T10:27:22.103Z",
      "test_id": "",
      "date_of_test": null,
      "srf_id": "",
      "test_type": 10,
      "allow_transfer": false,
      "will_donate_blood": null,
      "fit_for_blood_donation": null,
      "village": "",
      "designation_of_health_care_worker": "",
      "instituion_of_health_care_worker": "",
      "transit_details": null,
      "frontline_worker": null,
      "date_of_result": null,
      "number_of_primary_contacts": null,
      "number_of_secondary_contacts": null,
      "is_vaccinated": false,
      "number_of_doses": 0,
      "vaccine_name": null,
      "covin_id": null,
      "last_vaccinated_date": null,
      "cluster_name": null,
      "is_declared_positive": false,
      "date_declared_positive": null,
      "facility": 1,
      "nearest_facility": null,
      "ward": 19561,
      "local_body": 1100,
      "district": 7,
      "state": 1,
      "last_edited": 2,
      "created_by": 2,
      "last_consultation": null,
      "assigned_to": null,
      "history_date": "2022-07-19T10:27:22.129Z",
      "history_change_reason": null,
      "history_type": "~",
      "history_user": 2
    }
  },
  {
    "model": "facility.historicalpatientregistration",
    "pk": 8,
    "fields": {
      "id": 2,
      "external_id": "c58e8464-69a0-4e20-85fc-4fb789e829e5",
      "created_date": "2022-07-19T10:27:22.107Z",
      "modified_date": "2022-07-19T10:28:39.342Z",
      "deleted": false,
      "source": 10,
      "name": "Jayadev Mohinder",
      "age": 69,
      "gender": 1,
      "phone_number": "+916554647565",
      "emergency_phone_number": "+917465637576",
      "address": "abc xyz",
      "permanent_address": "abc xyz",
      "pincode": 384782,
      "date_of_birth": "1953-04-16",
      "year_of_birth": 1953,
      "nationality": "India",
      "passport_no": "",
      "is_medical_worker": false,
      "blood_group": "O+",
      "contact_with_confirmed_carrier": false,
      "contact_with_suspected_carrier": false,
      "estimated_contact_date": null,
      "past_travel": false,
      "countries_travelled_old": null,
      "countries_travelled": null,
      "date_of_return": null,
      "allergies": "",
      "present_health": "",
      "ongoing_medication": "",
      "has_SARI": false,
      "is_antenatal": false,
      "ward_old": "",
      "is_migrant_worker": false,
      "disease_status": 3,
      "number_of_aged_dependents": 0,
      "number_of_chronic_diseased_dependents": 0,
      "action": 10,
      "review_time": null,
      "is_active": true,
      "date_of_receipt_of_information": "2022-07-19T10:27:22.103Z",
      "test_id": "",
      "date_of_test": null,
      "srf_id": "",
      "test_type": 10,
      "allow_transfer": false,
      "will_donate_blood": null,
      "fit_for_blood_donation": null,
      "village": "",
      "designation_of_health_care_worker": "",
      "instituion_of_health_care_worker": "",
      "transit_details": null,
      "frontline_worker": null,
      "date_of_result": null,
      "number_of_primary_contacts": null,
      "number_of_secondary_contacts": null,
      "is_vaccinated": false,
      "number_of_doses": 0,
      "vaccine_name": null,
      "covin_id": null,
      "last_vaccinated_date": null,
      "cluster_name": null,
      "is_declared_positive": false,
      "date_declared_positive": null,
      "facility": 1,
      "nearest_facility": null,
      "ward": 19561,
      "local_body": 1100,
      "district": 7,
      "state": 1,
      "last_edited": 2,
      "created_by": 2,
      "last_consultation": 2,
      "assigned_to": null,
      "history_date": "2022-07-19T10:28:39.344Z",
      "history_change_reason": null,
      "history_type": "~",
      "history_user": 2
    }
  },
  {
    "model": "facility.historicalpatientregistration",
    "pk": 9,
    "fields": {
      "id": 2,
      "external_id": "c58e8464-69a0-4e20-85fc-4fb789e829e5",
      "created_date": "2022-07-19T10:27:22.107Z",
      "modified_date": "2022-07-19T10:49:16.269Z",
      "deleted": false,
      "source": 10,
      "name": "Jayadev Mohinder",
      "age": 69,
      "gender": 1,
      "phone_number": "+916554647565",
      "emergency_phone_number": "+917465637576",
      "address": "abc xyz",
      "permanent_address": "abc xyz",
      "pincode": 384782,
      "date_of_birth": "1953-04-16",
      "year_of_birth": 1953,
      "nationality": "India",
      "passport_no": "",
      "is_medical_worker": false,
      "blood_group": "O+",
      "contact_with_confirmed_carrier": false,
      "contact_with_suspected_carrier": false,
      "estimated_contact_date": null,
      "past_travel": false,
      "countries_travelled_old": null,
      "countries_travelled": null,
      "date_of_return": null,
      "allergies": "",
      "present_health": "",
      "ongoing_medication": "",
      "has_SARI": false,
      "is_antenatal": false,
      "ward_old": "",
      "is_migrant_worker": false,
      "disease_status": 3,
      "number_of_aged_dependents": 0,
      "number_of_chronic_diseased_dependents": 0,
      "action": 60,
      "review_time": "2022-07-19T22:49:16.264Z",
      "is_active": true,
      "date_of_receipt_of_information": "2022-07-19T10:27:22.103Z",
      "test_id": "",
      "date_of_test": null,
      "srf_id": "",
      "test_type": 10,
      "allow_transfer": false,
      "will_donate_blood": null,
      "fit_for_blood_donation": null,
      "village": "",
      "designation_of_health_care_worker": "",
      "instituion_of_health_care_worker": "",
      "transit_details": null,
      "frontline_worker": null,
      "date_of_result": null,
      "number_of_primary_contacts": null,
      "number_of_secondary_contacts": null,
      "is_vaccinated": false,
      "number_of_doses": 0,
      "vaccine_name": null,
      "covin_id": null,
      "last_vaccinated_date": null,
      "cluster_name": null,
      "is_declared_positive": false,
      "date_declared_positive": null,
      "facility": 1,
      "nearest_facility": null,
      "ward": 19561,
      "local_body": 1100,
      "district": 7,
      "state": 1,
      "last_edited": 2,
      "created_by": 2,
      "last_consultation": 2,
      "assigned_to": null,
      "history_date": "2022-07-19T10:49:16.271Z",
      "history_change_reason": null,
      "history_type": "~",
      "history_user": 2
    }
  },
  {
    "model": "facility.historicalpatientregistration",
    "pk": 10,
    "fields": {
      "id": 2,
      "external_id": "c58e8464-69a0-4e20-85fc-4fb789e829e5",
      "created_date": "2022-07-19T10:27:22.107Z",
      "modified_date": "2022-07-19T10:57:11.827Z",
      "deleted": false,
      "source": 10,
      "name": "Jayadev Mohinder",
      "age": 69,
      "gender": 1,
      "phone_number": "+916554647565",
      "emergency_phone_number": "+917465637576",
      "address": "abc xyz",
      "permanent_address": "abc xyz",
      "pincode": 384782,
      "date_of_birth": "1953-04-16",
      "year_of_birth": 1953,
      "nationality": "India",
      "passport_no": "",
      "is_medical_worker": false,
      "blood_group": "O+",
      "contact_with_confirmed_carrier": false,
      "contact_with_suspected_carrier": false,
      "estimated_contact_date": null,
      "past_travel": false,
      "countries_travelled_old": null,
      "countries_travelled": null,
      "date_of_return": null,
      "allergies": "",
      "present_health": "",
      "ongoing_medication": "",
      "has_SARI": false,
      "is_antenatal": false,
      "ward_old": "",
      "is_migrant_worker": false,
      "disease_status": 3,
      "number_of_aged_dependents": 0,
      "number_of_chronic_diseased_dependents": 0,
      "action": 60,
      "review_time": "2022-07-19T22:49:16.264Z",
      "is_active": true,
      "date_of_receipt_of_information": "2022-07-19T10:27:22.103Z",
      "test_id": "",
      "date_of_test": null,
      "srf_id": "",
      "test_type": 10,
      "allow_transfer": false,
      "will_donate_blood": null,
      "fit_for_blood_donation": null,
      "village": "",
      "designation_of_health_care_worker": "",
      "instituion_of_health_care_worker": "",
      "transit_details": null,
      "frontline_worker": null,
      "date_of_result": null,
      "number_of_primary_contacts": null,
      "number_of_secondary_contacts": null,
      "is_vaccinated": false,
      "number_of_doses": 0,
      "vaccine_name": null,
      "covin_id": null,
      "last_vaccinated_date": null,
      "cluster_name": null,
      "is_declared_positive": false,
      "date_declared_positive": null,
      "facility": 1,
      "nearest_facility": null,
      "ward": 19561,
      "local_body": 1100,
      "district": 7,
      "state": 1,
      "last_edited": 2,
      "created_by": 2,
      "last_consultation": 2,
      "assigned_to": null,
      "history_date": "2022-07-19T10:57:11.829Z",
      "history_change_reason": null,
      "history_type": "~",
      "history_user": 2
    }
  },
  {
    "model": "facility.historicalpatientregistration",
    "pk": 11,
    "fields": {
      "id": 2,
      "external_id": "c58e8464-69a0-4e20-85fc-4fb789e829e5",
      "created_date": "2022-07-19T10:27:22.107Z",
      "modified_date": "2022-07-19T10:57:15.163Z",
      "deleted": false,
      "source": 10,
      "name": "Jayadev Mohinder",
      "age": 69,
      "gender": 1,
      "phone_number": "+916554647565",
      "emergency_phone_number": "+917465637576",
      "address": "abc xyz",
      "permanent_address": "abc xyz",
      "pincode": 384782,
      "date_of_birth": "1953-04-16",
      "year_of_birth": 1953,
      "nationality": "India",
      "passport_no": "",
      "is_medical_worker": false,
      "blood_group": "O+",
      "contact_with_confirmed_carrier": false,
      "contact_with_suspected_carrier": false,
      "estimated_contact_date": null,
      "past_travel": false,
      "countries_travelled_old": null,
      "countries_travelled": null,
      "date_of_return": null,
      "allergies": "",
      "present_health": "",
      "ongoing_medication": "",
      "has_SARI": false,
      "is_antenatal": false,
      "ward_old": "",
      "is_migrant_worker": false,
      "disease_status": 3,
      "number_of_aged_dependents": 0,
      "number_of_chronic_diseased_dependents": 0,
      "action": 60,
      "review_time": "2022-07-19T22:49:16.264Z",
      "is_active": true,
      "date_of_receipt_of_information": "2022-07-19T10:27:22.103Z",
      "test_id": "",
      "date_of_test": null,
      "srf_id": "",
      "test_type": 10,
      "allow_transfer": false,
      "will_donate_blood": null,
      "fit_for_blood_donation": null,
      "village": "",
      "designation_of_health_care_worker": "",
      "instituion_of_health_care_worker": "",
      "transit_details": null,
      "frontline_worker": null,
      "date_of_result": null,
      "number_of_primary_contacts": null,
      "number_of_secondary_contacts": null,
      "is_vaccinated": false,
      "number_of_doses": 0,
      "vaccine_name": null,
      "covin_id": null,
      "last_vaccinated_date": null,
      "cluster_name": null,
      "is_declared_positive": false,
      "date_declared_positive": null,
      "facility": 1,
      "nearest_facility": null,
      "ward": 19561,
      "local_body": 1100,
      "district": 7,
      "state": 1,
      "last_edited": 2,
      "created_by": 2,
      "last_consultation": 2,
      "assigned_to": null,
      "history_date": "2022-07-19T10:57:15.165Z",
      "history_change_reason": null,
      "history_type": "~",
      "history_user": 2
    }
  },
  {
    "model": "facility.historicalpatientregistration",
    "pk": 12,
    "fields": {
      "id": 1,
      "external_id": "a730ea46-b756-4219-896d-98ff42197157",
      "created_date": "2022-07-19T10:22:48.727Z",
      "modified_date": "2022-07-19T11:03:59.925Z",
      "deleted": false,
      "source": 10,
      "name": "Kartikey Ashok",
      "age": 11,
      "gender": 1,
      "phone_number": "+919988998899",
      "emergency_phone_number": "+919999888899",
      "address": "Gujarat, India",
      "permanent_address": "Gujarat, India",
      "pincode": 310929,
      "date_of_birth": "2010-09-16",
      "year_of_birth": 2010,
      "nationality": "India",
      "passport_no": "",
      "is_medical_worker": false,
      "blood_group": "B+",
      "contact_with_confirmed_carrier": false,
      "contact_with_suspected_carrier": false,
      "estimated_contact_date": null,
      "past_travel": false,
      "countries_travelled_old": null,
      "countries_travelled": null,
      "date_of_return": null,
      "allergies": "",
      "present_health": "",
      "ongoing_medication": "",
      "has_SARI": false,
      "is_antenatal": false,
      "ward_old": "",
      "is_migrant_worker": false,
      "disease_status": 3,
      "number_of_aged_dependents": 0,
      "number_of_chronic_diseased_dependents": 0,
      "action": 50,
      "review_time": "2022-07-20T10:24:42.673Z",
      "is_active": true,
      "date_of_receipt_of_information": "2022-07-19T10:22:48.712Z",
      "test_id": "",
      "date_of_test": null,
      "srf_id": "",
      "test_type": 30,
      "allow_transfer": true,
      "will_donate_blood": null,
      "fit_for_blood_donation": null,
      "village": "",
      "designation_of_health_care_worker": "",
      "instituion_of_health_care_worker": "",
      "transit_details": null,
      "frontline_worker": null,
      "date_of_result": null,
      "number_of_primary_contacts": null,
      "number_of_secondary_contacts": null,
      "is_vaccinated": false,
      "number_of_doses": 0,
      "vaccine_name": null,
      "covin_id": null,
      "last_vaccinated_date": null,
      "cluster_name": null,
      "is_declared_positive": false,
      "date_declared_positive": null,
      "facility": 1,
      "nearest_facility": null,
      "ward": 9880,
      "local_body": 553,
      "district": 7,
      "state": 1,
      "last_edited": 2,
      "created_by": 2,
      "last_consultation": 1,
      "assigned_to": null,
      "history_date": "2022-07-19T11:03:59.927Z",
      "history_change_reason": null,
      "history_type": "~",
      "history_user": 2
    }
  },
  {
    "model": "facility.historicalpatientregistration",
    "pk": 13,
    "fields": {
      "id": 1,
      "external_id": "a730ea46-b756-4219-896d-98ff42197157",
      "created_date": "2022-07-19T10:22:48.727Z",
      "modified_date": "2022-07-19T11:03:59.934Z",
      "deleted": false,
      "source": 10,
      "name": "Kartikey Ashok",
      "age": 11,
      "gender": 1,
      "phone_number": "+919988998899",
      "emergency_phone_number": "+919999888899",
      "address": "Gujarat, India",
      "permanent_address": "Gujarat, India",
      "pincode": 310929,
      "date_of_birth": "2010-09-16",
      "year_of_birth": 2010,
      "nationality": "India",
      "passport_no": "",
      "is_medical_worker": false,
      "blood_group": "B+",
      "contact_with_confirmed_carrier": false,
      "contact_with_suspected_carrier": false,
      "estimated_contact_date": null,
      "past_travel": false,
      "countries_travelled_old": null,
      "countries_travelled": null,
      "date_of_return": null,
      "allergies": "",
      "present_health": "",
      "ongoing_medication": "",
      "has_SARI": false,
      "is_antenatal": false,
      "ward_old": "",
      "is_migrant_worker": false,
      "disease_status": 3,
      "number_of_aged_dependents": 0,
      "number_of_chronic_diseased_dependents": 0,
      "action": 50,
      "review_time": "2022-07-20T10:24:42.673Z",
      "is_active": true,
      "date_of_receipt_of_information": "2022-07-19T10:22:48.712Z",
      "test_id": "",
      "date_of_test": null,
      "srf_id": "",
      "test_type": 30,
      "allow_transfer": true,
      "will_donate_blood": null,
      "fit_for_blood_donation": null,
      "village": "",
      "designation_of_health_care_worker": "",
      "instituion_of_health_care_worker": "",
      "transit_details": null,
      "frontline_worker": null,
      "date_of_result": null,
      "number_of_primary_contacts": null,
      "number_of_secondary_contacts": null,
      "is_vaccinated": false,
      "number_of_doses": 0,
      "vaccine_name": null,
      "covin_id": null,
      "last_vaccinated_date": null,
      "cluster_name": null,
      "is_declared_positive": false,
      "date_declared_positive": null,
      "facility": 1,
      "nearest_facility": null,
      "ward": 9880,
      "local_body": 553,
      "district": 7,
      "state": 1,
      "last_edited": 2,
      "created_by": 2,
      "last_consultation": 1,
      "assigned_to": null,
      "history_date": "2022-07-19T11:03:59.935Z",
      "history_change_reason": null,
      "history_type": "~",
      "history_user": 2
    }
  },
  {
    "model": "facility.patientregistration",
    "pk": 1,
    "fields": {
      "external_id": "a730ea46-b756-4219-896d-98ff42197157",
      "created_date": "2022-07-19T10:22:48.727Z",
      "modified_date": "2022-07-19T11:03:59.934Z",
      "deleted": false,
      "source": 10,
      "facility": 1,
      "nearest_facility": null,
      "meta_info": null,
      "name": "Kartikey Ashok",
      "age": 11,
      "gender": 1,
      "phone_number": "+919988998899",
      "emergency_phone_number": "+919999888899",
      "address": "Gujarat, India",
      "permanent_address": "Gujarat, India",
      "pincode": 310929,
      "date_of_birth": "2010-09-16",
      "year_of_birth": 2010,
      "nationality": "India",
      "passport_no": "",
      "is_medical_worker": false,
      "blood_group": "B+",
      "contact_with_confirmed_carrier": false,
      "contact_with_suspected_carrier": false,
      "estimated_contact_date": null,
      "past_travel": false,
      "countries_travelled_old": null,
      "countries_travelled": null,
      "date_of_return": null,
      "allergies": "",
      "present_health": "",
      "ongoing_medication": "",
      "has_SARI": false,
      "is_antenatal": false,
      "ward_old": "",
      "ward": 9880,
      "local_body": 553,
      "district": 7,
      "state": 1,
      "is_migrant_worker": false,
      "disease_status": 3,
      "number_of_aged_dependents": 0,
      "number_of_chronic_diseased_dependents": 0,
      "last_edited": 2,
      "action": 50,
      "review_time": "2022-07-20T10:24:42.673Z",
      "created_by": 2,
      "is_active": true,
      "patient_search_id": 1,
      "date_of_receipt_of_information": "2022-07-19T10:22:48.712Z",
      "test_id": "",
      "date_of_test": null,
      "srf_id": "",
      "test_type": 30,
      "allow_transfer": true,
      "last_consultation": 1,
      "will_donate_blood": null,
      "fit_for_blood_donation": null,
      "village": "",
      "designation_of_health_care_worker": "",
      "instituion_of_health_care_worker": "",
      "transit_details": null,
      "frontline_worker": null,
      "date_of_result": null,
      "number_of_primary_contacts": null,
      "number_of_secondary_contacts": null,
      "is_vaccinated": false,
      "number_of_doses": 0,
      "vaccine_name": null,
      "covin_id": null,
      "last_vaccinated_date": null,
      "cluster_name": null,
      "is_declared_positive": false,
      "date_declared_positive": null,
      "assigned_to": null
    }
  },
  {
    "model": "facility.patientregistration",
    "pk": 2,
    "fields": {
      "external_id": "c58e8464-69a0-4e20-85fc-4fb789e829e5",
      "created_date": "2022-07-19T10:27:22.107Z",
      "modified_date": "2022-07-19T10:57:15.163Z",
      "deleted": false,
      "source": 10,
      "facility": 1,
      "nearest_facility": null,
      "meta_info": null,
      "name": "Jayadev Mohinder",
      "age": 69,
      "gender": 1,
      "phone_number": "+916554647565",
      "emergency_phone_number": "+917465637576",
      "address": "abc xyz",
      "permanent_address": "abc xyz",
      "pincode": 384782,
      "date_of_birth": "1953-04-16",
      "year_of_birth": 1953,
      "nationality": "India",
      "passport_no": "",
      "is_medical_worker": false,
      "blood_group": "O+",
      "contact_with_confirmed_carrier": false,
      "contact_with_suspected_carrier": false,
      "estimated_contact_date": null,
      "past_travel": false,
      "countries_travelled_old": null,
      "countries_travelled": null,
      "date_of_return": null,
      "allergies": "",
      "present_health": "",
      "ongoing_medication": "",
      "has_SARI": false,
      "is_antenatal": false,
      "ward_old": "",
      "ward": 19561,
      "local_body": 1100,
      "district": 7,
      "state": 1,
      "is_migrant_worker": false,
      "disease_status": 3,
      "number_of_aged_dependents": 0,
      "number_of_chronic_diseased_dependents": 0,
      "last_edited": 2,
      "action": 60,
      "review_time": "2022-07-19T22:49:16.264Z",
      "created_by": 2,
      "is_active": true,
      "patient_search_id": 2,
      "date_of_receipt_of_information": "2022-07-19T10:27:22.103Z",
      "test_id": "",
      "date_of_test": null,
      "srf_id": "",
      "test_type": 10,
      "allow_transfer": false,
      "last_consultation": 2,
      "will_donate_blood": null,
      "fit_for_blood_donation": null,
      "village": "",
      "designation_of_health_care_worker": "",
      "instituion_of_health_care_worker": "",
      "transit_details": null,
      "frontline_worker": null,
      "date_of_result": null,
      "number_of_primary_contacts": null,
      "number_of_secondary_contacts": null,
      "is_vaccinated": false,
      "number_of_doses": 0,
      "vaccine_name": null,
      "covin_id": null,
      "last_vaccinated_date": null,
      "cluster_name": null,
      "is_declared_positive": false,
      "date_declared_positive": null,
      "assigned_to": null
    }
  },
  {
    "model": "facility.patientnotes",
    "pk": 1,
    "fields": {
      "external_id": "f2fc2099-e633-4189-bba4-47fa66a1148c",
      "created_date": "2022-07-19T11:03:41.957Z",
      "modified_date": "2022-07-19T11:03:41.957Z",
      "deleted": false,
      "patient": 1,
      "facility": 1,
      "created_by": 2,
      "note": "TEST NOTE"
    }
  },
  {
    "model": "facility.patientnotes",
    "pk": 2,
    "fields": {
      "external_id": "0f8a249e-4e28-45d3-bf2b-290f20efffe7",
      "created_date": "2022-07-19T11:03:51.607Z",
      "modified_date": "2022-07-19T11:03:51.607Z",
      "deleted": false,
      "patient": 1,
      "facility": 1,
      "created_by": 2,
      "note": "GOOD HEALTH"
    }
  },
  {
    "model": "facility.dailyround",
    "pk": 1,
    "fields": {
      "external_id": "ec07a65e-18d0-4d9e-9be3-57b0e921b0c3",
      "created_date": "2022-07-19T10:49:16.281Z",
      "modified_date": "2022-07-19T10:49:16.281Z",
      "deleted": false,
      "consultation": 2,
      "temperature": "99.00",
      "spo2": null,
      "temperature_measured_at": null,
      "physical_examination_info": "ok",
      "additional_symptoms": "1",
      "other_symptoms": "",
      "patient_category": null,
      "current_health": 0,
      "recommend_discharge": false,
      "other_details": "oK",
      "medication_given": {},
      "last_updated_by_telemedicine": false,
      "created_by_telemedicine": false,
      "created_by": 2,
      "last_edited_by": 2,
      "taken_at": "2022-07-19T09:30:00Z",
      "rounds_type": 0,
      "consciousness_level": 0,
      "consciousness_level_detail": null,
      "in_prone_position": null,
      "left_pupil_size": null,
      "left_pupil_size_detail": null,
      "left_pupil_light_reaction": 0,
      "left_pupil_light_reaction_detail": null,
      "right_pupil_size": null,
      "right_pupil_size_detail": null,
      "right_pupil_light_reaction": 0,
      "right_pupil_light_reaction_detail": null,
      "glasgow_eye_open": null,
      "glasgow_verbal_response": null,
      "glasgow_motor_response": null,
      "glasgow_total_calculated": 0,
      "limb_response_upper_extremity_right": 0,
      "limb_response_upper_extremity_left": 0,
      "limb_response_lower_extremity_left": 0,
      "limb_response_lower_extremity_right": 0,
      "bp": {},
      "pulse": null,
      "resp": 16,
      "rhythm": 5,
      "rhythm_detail": "",
      "ventilator_interface": 0,
      "ventilator_mode": 0,
      "ventilator_peep": null,
      "ventilator_pip": null,
      "ventilator_mean_airway_pressure": null,
      "ventilator_resp_rate": null,
      "ventilator_pressure_support": null,
      "ventilator_tidal_volume": null,
      "ventilator_oxygen_modality": 0,
      "ventilator_oxygen_modality_oxygen_rate": null,
      "ventilator_oxygen_modality_flow_rate": null,
      "ventilator_fi02": null,
      "ventilator_spo2": 99,
      "etco2": null,
      "bilateral_air_entry": null,
      "pain": null,
      "ph": null,
      "pco2": null,
      "po2": null,
      "hco3": null,
      "base_excess": null,
      "lactate": null,
      "sodium": null,
      "potassium": null,
      "blood_sugar_level": null,
      "insulin_intake_dose": null,
      "insulin_intake_frequency": 0,
      "infusions": [],
      "iv_fluids": [],
      "feeds": [],
      "total_intake_calculated": "0.00",
      "output": [],
      "total_output_calculated": "0.00",
      "dialysis_fluid_balance": null,
      "dialysis_net_balance": null,
      "pressure_sore": [],
      "nursing": [],
      "meta": {}
    }
  },
  {
    "model": "facility.dailyround",
    "pk": 2,
    "fields": {
      "external_id": "6282e968-88ca-4928-82a4-a613c785658e",
      "created_date": "2022-07-19T10:57:11.809Z",
      "modified_date": "2022-07-19T10:57:15.177Z",
      "deleted": false,
      "consultation": 2,
      "temperature": "99.00",
      "spo2": null,
      "temperature_measured_at": null,
      "physical_examination_info": "ok",
      "additional_symptoms": "1",
      "other_symptoms": "",
      "patient_category": null,
      "current_health": 0,
      "recommend_discharge": false,
      "other_details": "oK",
      "medication_given": {},
      "last_updated_by_telemedicine": false,
      "created_by_telemedicine": false,
      "created_by": 2,
      "last_edited_by": 2,
      "taken_at": "2022-07-19T10:57:02.066Z",
      "rounds_type": 0,
      "consciousness_level": 0,
      "consciousness_level_detail": null,
      "in_prone_position": null,
      "left_pupil_size": null,
      "left_pupil_size_detail": null,
      "left_pupil_light_reaction": 0,
      "left_pupil_light_reaction_detail": null,
      "right_pupil_size": null,
      "right_pupil_size_detail": null,
      "right_pupil_light_reaction": 0,
      "right_pupil_light_reaction_detail": null,
      "glasgow_eye_open": null,
      "glasgow_verbal_response": null,
      "glasgow_motor_response": null,
      "glasgow_total_calculated": 0,
      "limb_response_upper_extremity_right": 0,
      "limb_response_upper_extremity_left": 0,
      "limb_response_lower_extremity_left": 0,
      "limb_response_lower_extremity_right": 0,
      "bp": {},
      "pulse": null,
      "resp": 16,
      "rhythm": 0,
      "rhythm_detail": "",
      "ventilator_interface": 0,
      "ventilator_mode": 0,
      "ventilator_peep": null,
      "ventilator_pip": null,
      "ventilator_mean_airway_pressure": null,
      "ventilator_resp_rate": null,
      "ventilator_pressure_support": null,
      "ventilator_tidal_volume": null,
      "ventilator_oxygen_modality": 0,
      "ventilator_oxygen_modality_oxygen_rate": null,
      "ventilator_oxygen_modality_flow_rate": null,
      "ventilator_fi02": null,
      "ventilator_spo2": 99,
      "etco2": null,
      "bilateral_air_entry": null,
      "pain": null,
      "ph": null,
      "pco2": null,
      "po2": null,
      "hco3": null,
      "base_excess": null,
      "lactate": null,
      "sodium": null,
      "potassium": null,
      "blood_sugar_level": null,
      "insulin_intake_dose": null,
      "insulin_intake_frequency": 0,
      "infusions": [],
      "iv_fluids": [],
      "feeds": [],
      "total_intake_calculated": "0.00",
      "output": [],
      "total_output_calculated": "0.00",
      "dialysis_fluid_balance": null,
      "dialysis_net_balance": null,
      "pressure_sore": [],
      "nursing": [],
      "meta": {}
    }
  },
  {
    "model": "facility.patientsample",
    "pk": 1,
    "fields": {
      "external_id": "f437f3c7-5487-4c36-8826-9e03a77e82f3",
      "created_date": "2022-07-19T11:04:34.345Z",
      "modified_date": "2022-07-19T11:04:34.349Z",
      "deleted": false,
      "patient": 1,
      "consultation": 1,
      "sample_type": 0,
      "sample_type_other": "",
      "has_sari": false,
      "has_ari": false,
      "doctor_name": "NO DOCTOR SPECIFIED",
      "diagnosis": "",
      "diff_diagnosis": "",
      "etiology_identified": "",
      "is_atypical_presentation": false,
      "atypical_presentation": "",
      "is_unusual_course": false,
      "icmr_category": 0,
      "icmr_label": "TEST ABC",
      "status": 1,
      "result": 3,
      "fast_track": "",
      "date_of_sample": "2022-07-19T11:04:33.974Z",
      "date_of_result": null,
      "testing_facility": 1,
      "created_by": 2,
      "last_edited_by": 2
    }
  },
  {
    "model": "facility.patientsampleflow",
    "pk": 1,
    "fields": {
      "external_id": "f1619657-b311-4ee8-9176-c0cc53e06b3a",
      "created_date": "2022-07-19T11:04:34.354Z",
      "modified_date": "2022-07-19T11:04:34.354Z",
      "deleted": false,
      "patient_sample": 1,
      "status": 1,
      "notes": "created",
      "created_by": 2
    }
  },
  {
    "model": "facility.investigationsession",
    "pk": 1,
    "fields": {
      "created_date": "2022-07-19T10:56:58.258Z",
      "modified_date": "2022-07-19T10:56:58.258Z",
      "deleted": false,
      "external_id": "91092ec6-2eef-4219-8171-26fb340dfdbc",
      "created_by": 2
    }
  },
  {
    "model": "facility.notification",
    "pk": 1,
    "fields": {
      "external_id": "641b5de5-6caa-4b0e-98c4-ab8cc9518c2f",
      "created_date": "2022-07-19T10:22:50.869Z",
      "modified_date": "2022-07-19T10:22:50.869Z",
      "deleted": false,
      "intended_for": 1,
      "medium_sent": 0,
      "caused_by": 2,
      "read_at": null,
      "event_type": 50,
      "event": 20,
      "message": "Patient Kartikey Ashok was created by State Admin",
      "caused_objects": {
        "patient": "a730ea46-b756-4219-896d-98ff42197157",
        "facility": "761d828d-2967-406a-9a43-91edad41a31b"
      }
    }
  },
  {
    "model": "facility.notification",
    "pk": 2,
    "fields": {
      "external_id": "d9a345f2-1716-4433-9ed8-9a52834d442a",
      "created_date": "2022-07-19T10:24:44.821Z",
      "modified_date": "2022-07-19T10:24:44.821Z",
      "deleted": false,
      "intended_for": 1,
      "medium_sent": 0,
      "caused_by": 2,
      "read_at": null,
      "event_type": 50,
      "event": 50,
      "message": "Consultation for Patient Kartikey Ashok was created by State Admin",
      "caused_objects": {
        "patient": "a730ea46-b756-4219-896d-98ff42197157",
        "facility": "761d828d-2967-406a-9a43-91edad41a31b",
        "consultation": "816754f7-01e6-402a-af18-95aeb83c6cbe"
      }
    }
  },
  {
    "model": "facility.notification",
    "pk": 3,
    "fields": {
      "external_id": "bee66a07-2fdf-4136-a259-8be11f3baf12",
      "created_date": "2022-07-19T10:27:24.214Z",
      "modified_date": "2022-07-19T10:27:24.214Z",
      "deleted": false,
      "intended_for": 1,
      "medium_sent": 0,
      "caused_by": 2,
      "read_at": null,
      "event_type": 50,
      "event": 20,
      "message": "Patient Jayadev Mohinder was created by State Admin",
      "caused_objects": {
        "patient": "c58e8464-69a0-4e20-85fc-4fb789e829e5",
        "facility": "761d828d-2967-406a-9a43-91edad41a31b"
      }
    }
  },
  {
    "model": "facility.notification",
    "pk": 4,
    "fields": {
      "external_id": "91a3926f-aeb9-4fcb-a969-745b606a5e4e",
      "created_date": "2022-07-19T10:28:41.467Z",
      "modified_date": "2022-07-19T10:28:41.467Z",
      "deleted": false,
      "intended_for": 1,
      "medium_sent": 0,
      "caused_by": 2,
      "read_at": null,
      "event_type": 50,
      "event": 50,
      "message": "Consultation for Patient Jayadev Mohinder was created by State Admin",
      "caused_objects": {
        "patient": "c58e8464-69a0-4e20-85fc-4fb789e829e5",
        "facility": "761d828d-2967-406a-9a43-91edad41a31b",
        "consultation": "23f73304-874d-41a5-9cf9-6c04b1838827"
      }
    }
  },
  {
    "model": "facility.notification",
    "pk": 5,
    "fields": {
      "external_id": "542c46c0-88b1-4639-aa26-64cbfd7ee98a",
      "created_date": "2022-07-19T10:49:18.439Z",
      "modified_date": "2022-07-19T10:49:18.439Z",
      "deleted": false,
      "intended_for": 1,
      "medium_sent": 0,
      "caused_by": 2,
      "read_at": null,
      "event_type": 50,
      "event": 120,
      "message": "Consultation for Patient Jayadev Mohinder  at facility St George Hospital V1 was created by State Admin",
      "caused_objects": {
        "patient": "c58e8464-69a0-4e20-85fc-4fb789e829e5",
        "facility": "761d828d-2967-406a-9a43-91edad41a31b",
        "daily_round": "1",
        "consultation": "23f73304-874d-41a5-9cf9-6c04b1838827"
      }
    }
  },
  {
    "model": "facility.notification",
    "pk": 6,
    "fields": {
      "external_id": "7f734ee0-9438-4d04-96f6-c78079fd7fef",
      "created_date": "2022-07-19T10:49:18.443Z",
      "modified_date": "2022-07-19T10:49:18.443Z",
      "deleted": false,
      "intended_for": 3,
      "medium_sent": 0,
      "caused_by": 2,
      "read_at": null,
      "event_type": 50,
      "event": 120,
      "message": "Consultation for Patient Jayadev Mohinder  at facility St George Hospital V1 was created by State Admin",
      "caused_objects": {
        "patient": "c58e8464-69a0-4e20-85fc-4fb789e829e5",
        "facility": "761d828d-2967-406a-9a43-91edad41a31b",
        "daily_round": "1",
        "consultation": "23f73304-874d-41a5-9cf9-6c04b1838827"
      }
    }
  },
  {
    "model": "facility.notification",
    "pk": 7,
    "fields": {
      "external_id": "fe876ca3-5974-49fa-b630-b367b3a6891b",
      "created_date": "2022-07-19T10:57:00.330Z",
      "modified_date": "2022-07-19T10:57:00.330Z",
      "deleted": false,
      "intended_for": 1,
      "medium_sent": 0,
      "caused_by": 2,
      "read_at": null,
      "event_type": 50,
      "event": 80,
      "message": "Investigation Session for Patient Jayadev Mohinder was created by State Admin",
      "caused_objects": {
        "patient": "c58e8464-69a0-4e20-85fc-4fb789e829e5",
        "session": "91092ec6-2eef-4219-8171-26fb340dfdbc",
        "facility": "761d828d-2967-406a-9a43-91edad41a31b",
        "consultation": "23f73304-874d-41a5-9cf9-6c04b1838827"
      }
    }
  },
  {
    "model": "facility.notification",
    "pk": 8,
    "fields": {
      "external_id": "2eadf877-6625-4573-9b41-8576db018566",
      "created_date": "2022-07-19T10:57:00.334Z",
      "modified_date": "2022-07-19T10:57:00.334Z",
      "deleted": false,
      "intended_for": 3,
      "medium_sent": 0,
      "caused_by": 2,
      "read_at": null,
      "event_type": 50,
      "event": 80,
      "message": "Investigation Session for Patient Jayadev Mohinder was created by State Admin",
      "caused_objects": {
        "patient": "c58e8464-69a0-4e20-85fc-4fb789e829e5",
        "session": "91092ec6-2eef-4219-8171-26fb340dfdbc",
        "facility": "761d828d-2967-406a-9a43-91edad41a31b",
        "consultation": "23f73304-874d-41a5-9cf9-6c04b1838827"
      }
    }
  },
  {
    "model": "facility.notification",
    "pk": 9,
    "fields": {
      "external_id": "25f37910-e0aa-4611-b7f8-5e90b3830d3d",
      "created_date": "2022-07-19T10:57:13.883Z",
      "modified_date": "2022-07-19T10:57:13.883Z",
      "deleted": false,
      "intended_for": 1,
      "medium_sent": 0,
      "caused_by": 2,
      "read_at": null,
      "event_type": 50,
      "event": 120,
      "message": "Consultation for Patient Jayadev Mohinder  at facility St George Hospital V1 was created by State Admin",
      "caused_objects": {
        "patient": "c58e8464-69a0-4e20-85fc-4fb789e829e5",
        "facility": "761d828d-2967-406a-9a43-91edad41a31b",
        "daily_round": "2",
        "consultation": "23f73304-874d-41a5-9cf9-6c04b1838827"
      }
    }
  },
  {
    "model": "facility.notification",
    "pk": 10,
    "fields": {
      "external_id": "3a66305b-e564-4ade-9e10-ceb154ec5e4b",
      "created_date": "2022-07-19T10:57:13.888Z",
      "modified_date": "2022-07-19T10:57:13.888Z",
      "deleted": false,
      "intended_for": 3,
      "medium_sent": 0,
      "caused_by": 2,
      "read_at": null,
      "event_type": 50,
      "event": 120,
      "message": "Consultation for Patient Jayadev Mohinder  at facility St George Hospital V1 was created by State Admin",
      "caused_objects": {
        "patient": "c58e8464-69a0-4e20-85fc-4fb789e829e5",
        "facility": "761d828d-2967-406a-9a43-91edad41a31b",
        "daily_round": "2",
        "consultation": "23f73304-874d-41a5-9cf9-6c04b1838827"
      }
    }
  },
  {
    "model": "facility.notification",
    "pk": 11,
    "fields": {
      "external_id": "fa74d80e-ff98-42da-8eaf-8abb2a901459",
      "created_date": "2022-07-19T10:57:13.896Z",
      "modified_date": "2022-07-19T10:57:13.896Z",
      "deleted": false,
      "intended_for": 1,
      "medium_sent": 0,
      "caused_by": 2,
      "read_at": null,
      "event_type": 50,
      "event": 130,
      "message": "Consultation for Patient Jayadev Mohinder  at facility St George Hospital V1 was updated by State Admin",
      "caused_objects": {
        "patient": "c58e8464-69a0-4e20-85fc-4fb789e829e5",
        "facility": "761d828d-2967-406a-9a43-91edad41a31b",
        "daily_round": "2",
        "consultation": "23f73304-874d-41a5-9cf9-6c04b1838827"
      }
    }
  },
  {
    "model": "facility.notification",
    "pk": 12,
    "fields": {
      "external_id": "1754c9b3-2606-4c5f-8605-7b25411678c6",
      "created_date": "2022-07-19T10:57:13.901Z",
      "modified_date": "2022-07-19T10:57:13.901Z",
      "deleted": false,
      "intended_for": 3,
      "medium_sent": 0,
      "caused_by": 2,
      "read_at": null,
      "event_type": 50,
      "event": 130,
      "message": "Consultation for Patient Jayadev Mohinder  at facility St George Hospital V1 was updated by State Admin",
      "caused_objects": {
        "patient": "c58e8464-69a0-4e20-85fc-4fb789e829e5",
        "facility": "761d828d-2967-406a-9a43-91edad41a31b",
        "daily_round": "2",
        "consultation": "23f73304-874d-41a5-9cf9-6c04b1838827"
      }
    }
  },
  {
    "model": "facility.notification",
    "pk": 13,
    "fields": {
      "external_id": "23766ee0-6f55-4065-add5-ec0df923fe80",
      "created_date": "2022-07-19T10:57:17.303Z",
      "modified_date": "2022-07-19T10:57:17.303Z",
      "deleted": false,
      "intended_for": 1,
      "medium_sent": 0,
      "caused_by": 2,
      "read_at": null,
      "event_type": 50,
      "event": 130,
      "message": "Consultation for Patient Jayadev Mohinder  at facility St George Hospital V1 was updated by State Admin",
      "caused_objects": {
        "patient": "c58e8464-69a0-4e20-85fc-4fb789e829e5",
        "facility": "761d828d-2967-406a-9a43-91edad41a31b",
        "daily_round": "2",
        "consultation": "23f73304-874d-41a5-9cf9-6c04b1838827"
      }
    }
  },
  {
    "model": "facility.notification",
    "pk": 14,
    "fields": {
      "external_id": "f8dfc16d-2bae-4c29-93b1-dbfee17aec2f",
      "created_date": "2022-07-19T10:57:17.307Z",
      "modified_date": "2022-07-19T10:57:17.307Z",
      "deleted": false,
      "intended_for": 3,
      "medium_sent": 0,
      "caused_by": 2,
      "read_at": null,
      "event_type": 50,
      "event": 130,
      "message": "Consultation for Patient Jayadev Mohinder  at facility St George Hospital V1 was updated by State Admin",
      "caused_objects": {
        "patient": "c58e8464-69a0-4e20-85fc-4fb789e829e5",
        "facility": "761d828d-2967-406a-9a43-91edad41a31b",
        "daily_round": "2",
        "consultation": "23f73304-874d-41a5-9cf9-6c04b1838827"
      }
    }
  },
  {
    "model": "facility.notification",
    "pk": 15,
    "fields": {
      "external_id": "191fa619-d72e-41fb-8bb3-1fc5afa61e93",
      "created_date": "2022-07-19T11:04:01.991Z",
      "modified_date": "2022-07-19T11:04:01.991Z",
      "deleted": false,
      "intended_for": 1,
      "medium_sent": 0,
      "caused_by": 2,
      "read_at": null,
      "event_type": 50,
      "event": 30,
      "message": "Patient Kartikey Ashok was updated by State Admin",
      "caused_objects": {
        "patient": "a730ea46-b756-4219-896d-98ff42197157",
        "facility": "761d828d-2967-406a-9a43-91edad41a31b"
      }
    }
  },
  {
    "model": "facility.notification",
    "pk": 16,
    "fields": {
      "external_id": "e89430b2-3c4a-4e00-9edf-7d30fbdd65ee",
      "created_date": "2022-07-19T11:04:01.995Z",
      "modified_date": "2022-07-19T11:04:01.995Z",
      "deleted": false,
      "intended_for": 3,
      "medium_sent": 0,
      "caused_by": 2,
      "read_at": null,
      "event_type": 50,
      "event": 30,
      "message": "Patient Kartikey Ashok was updated by State Admin",
      "caused_objects": {
        "patient": "a730ea46-b756-4219-896d-98ff42197157",
        "facility": "761d828d-2967-406a-9a43-91edad41a31b"
      }
    }
  }
]
